n,poid_max,mean,dist_mean_poidMax,division_mean_poidMax,division_mean_std_poidMax,kurtosis,skewness,dist_max_poidMax,exec_time,solution,std,score,selected
150.0,910.0,564.84,345.16,0.6207032967032967,138.94997491170906,-1.2362041375654818,-0.17605496330514953,3.0,1.392159938812256,105.0,223.85892849241418,105.0,0
171.0,494.0,292.719298245614,201.28070175438597,0.5925491867320122,69.68312230783897,-1.3484461235965617,0.008908916849299897,1.0,1.1148200035095217,113.0,117.59888270567151,113.0,0
786.0,707.0,207.5737913486005,499.4262086513995,0.2935980075652058,33.78765877711544,3.0266232013762258,0.9144423503538144,0.0,1.5127601623535156,233.0,115.0813626336053,233.0,0
802.0,528.0,153.069825436409,374.930174563591,0.2899049724174413,25.505278533779503,2.895421214859463,0.9208878976185711,0.0,1.3672308921813965,235.0,87.9780650918047,235.0,0
97.0,254.0,73.58762886597938,180.41237113402062,0.2897150742755093,13.423166742806805,2.807370237976605,1.0321857881784176,0.0,1.147092342376709,29.0,46.332303475661824,29.0,1
121.0,894.0,569.2314049586778,324.7685950413223,0.6367241666204448,135.9905233704291,-1.2078799537555824,-0.17819641616365953,2.0,1.152984857559204,87.0,213.57839155411529,87.0,0
763.0,344.0,161.78374836173,182.21625163827,0.4703015940747966,34.33887802373746,-0.22239581690886426,1.0556170487779617,1.0,1.2180590629577637,392.0,73.01458990648503,392.0,0
150.0,657.0,213.54666666666665,443.4533333333334,0.3250329781836631,45.620266281733855,2.7943058591473484,1.4843286575295374,0.0,1.0841469764709473,50.0,140.3558080065207,50.0,0
789.0,525.0,313.10519645120405,211.894803548796,0.5963908503832458,69.95458120985353,-1.082433020151745,-0.03451286828134832,1.0,1.4069178104400637,519.0,117.29653659994969,519.0,0
133.0,634.0,389.67669172932335,244.32330827067668,0.6146320058822135,88.92269255990391,-1.1620422662277845,-0.1012020696819231,3.0,1.364171028137207,93.0,144.67631315793346,93.0,0
796.0,912.0,545.3391959798995,366.6608040201005,0.5979596447148021,126.5318495116228,-1.1975366691693594,-0.014811619094760278,2.0,1.6621360778808594,518.0,211.6060015588049,518.0,0
812.0,285.0,135.3756157635468,149.62438423645318,0.4750021605738484,28.957456705757213,-0.2666042758618108,1.0359920910154128,1.0,2.2398428916931152,428.0,60.962789455049645,428.0,0
149.0,415.0,257.5570469798658,157.44295302013418,0.6206193903129296,54.68214850002837,-0.9304761445204272,-0.12835579282119222,6.0,1.502521276473999,108.0,88.10899136176918,108.0,0
802.0,706.0,422.95635910224433,283.0436408977556,0.5990883273402895,99.50242066178673,-1.237814568393557,-0.040363534863877885,1.0,1.6664800643920898,525.0,166.08973355154043,525.0,0
801.0,55.0,26.10861423220974,28.89138576779026,0.4747020769492679,6.398702941454574,-0.8741074313807302,0.3768283994119832,1.0,1.6887660026550293,410.0,13.479407932184825,410.0,0
62.0,317.0,133.58064516129033,183.41935483870967,0.4213900478274143,24.735360837546324,1.175039900779414,1.4476328308270634,20.0,1.5754880905151367,28.0,58.69944239327886,28.0,1
806.0,702.0,424.9565756823822,277.04342431761785,0.6053512474108008,99.90265253247208,-1.2769921714534316,-0.06532158419587965,1.0,2.6100990772247314,536.0,165.03253765441832,536.0,0
102.0,508.0,138.00980392156862,369.9901960784314,0.2716728423652925,19.45276032306736,1.0106661284392078,0.2193994484865372,131.0,1.306114912033081,29.0,71.6036249840206,29.0,0
809.0,671.0,401.69468479604444,269.3053152039555,0.5986507970134791,93.5857329094604,-1.1613414246970382,0.025622594959264045,1.0,1.2945678234100342,529.0,156.32775129731138,529.0,0
789.0,789.0,368.040557667934,420.9594423320658,0.4664645851304615,77.12293089868986,-0.11646356331190112,1.1100192548862071,2.0,1.416706085205078,402.0,165.33501868554504,402.0,0
786.0,809.0,376.3982188295165,432.6017811704834,0.4652635585037288,79.83212637506699,-0.07701531686884032,1.1288894823818505,2.0,1.4360618591308594,394.0,171.58473926435232,394.0,0
183.0,305.0,79.30601092896175,225.69398907103826,0.260019707963809,11.533790097838835,2.8891149321304943,0.6687917194568699,14.0,1.2841737270355225,49.0,44.35736886314853,49.0,0
10.0,597.0,356.9,240.1,0.5978224455611391,77.07322818641957,-0.7649877564682903,0.20902521708902472,32.0,1.060922145843506,8.0,128.92327606414258,8.0,0
188.0,166.0,101.39893617021276,64.60106382978725,0.6108369648807997,24.605957164443016,-1.1994773578854532,-0.03457786989540185,1.0,1.619333028793335,126.0,40.282364328171724,126.0,0
786.0,721.0,207.52926208651402,513.470737913486,0.28783531496049103,35.417121399218956,3.6656341627459534,1.0866956408577724,0.0,1.2441291809082031,229.0,123.04647678162908,229.0,0
797.0,306.0,187.92973651191966,118.07026348808031,0.6141494657252278,42.39595537917436,-1.1586463450739488,-0.09684437723048823,1.0,1.705700159072876,540.0,69.03198284005744,540.0,0
803.0,505.0,148.15442092154422,356.8455790784558,0.2933750909337509,25.113912298073174,3.879959488283125,1.1500164284208079,0.0,1.1508958339691162,238.0,85.60342399261266,238.0,1
82.0,919.0,509.2317073170732,409.7682926829268,0.554115024284084,114.82678874203822,-1.0396760904109477,0.3831719392289267,7.0,1.4072799682617188,52.0,207.22554651968568,52.0,0
782.0,503.0,293.9539641943734,209.04603580562664,0.5844015192731081,66.27382437441435,-1.132580121932782,0.08020212250676019,1.0,1.3102846145629885,501.0,113.40460657399937,501.0,0
807.0,162.0,74.52540272614623,87.47459727385376,0.4600333501613965,15.827047477196915,-0.1365968708412777,1.0196542414150669,1.0,1.6314640045166016,400.0,34.40413063888566,400.0,0
29.0,423.0,108.75862068965515,314.2413793103448,0.25711257846254176,11.705715018476296,-0.7395034055253156,-0.7685011789718287,266.0,1.1108899116516109,8.0,45.52758596437815,8.0,1
22.0,297.0,83.63636363636364,213.3636363636364,0.28160391796755435,14.518975931176481,0.6681365611886569,0.4882154021750616,84.0,1.0656509399414062,7.0,51.558146051253864,7.0,1
790.0,177.0,80.93291139240506,96.06708860759493,0.4572480869627405,17.20191821803034,-0.14294117909301596,1.0399971386830658,1.0,1.2199409008026123,393.0,37.62053622201828,393.0,0
111.0,917.0,276.4144144144144,640.5855855855856,0.30143338540285103,53.60957676870146,3.603469218304022,1.4471493374233388,0.0,1.3712520599365234,35.0,177.84883614353097,35.0,0
800.0,562.0,260.76875,301.23125,0.464001334519573,54.82937477933272,-0.021765455246071763,1.1506393391518652,1.0,1.221829175949097,400.0,118.1664161291757,400.0,0
10.0,914.0,234.2,679.8,0.2562363238512035,30.39634404792088,-0.5074653080398055,-1.1442149680096512,583.0,1.1073861122131348,3.0,118.62621033219335,3.0,1
160.0,322.0,153.4,168.6,0.4763975155279504,34.63713440330913,-0.3190884261658757,1.0593449333315228,1.0,1.5780801773071291,84.0,72.70637078139205,84.0,0
91.0,932.0,265.8791208791209,666.1208791208793,0.2852780266943357,39.41177481044291,1.6325161537971409,0.4198336554223219,193.0,1.236515760421753,27.0,138.15215727312605,27.0,1
807.0,122.0,34.56505576208178,87.43494423791824,0.2833201291973917,5.84311540951946,2.3799696285652523,0.9538133693591616,0.0,1.640017032623291,232.0,20.623721392730666,232.0,0
163.0,362.0,168.41104294478532,193.5889570552148,0.4652238755380809,35.84217588496127,-0.232632722652566,1.0910416621883592,1.0,1.1574602127075195,84.0,77.04285564343832,84.0,0
784.0,264.0,123.77551020408166,140.22448979591834,0.4688466295609153,26.394635890666372,-0.23037406489200274,1.0396663408924245,1.0,1.1628527641296391,402.0,56.296951340751896,402.0,0
130.0,411.0,118.96923076923076,292.03076923076924,0.28946284858693616,20.134959980893413,3.92479914173029,1.1489438058945738,0.0,1.652519941329956,39.0,69.55973825029972,39.0,0
793.0,254.0,150.09962168978564,103.90037831021436,0.590943392479471,34.499245889700525,-1.1966196787769183,0.05023373548010313,1.0,1.4237489700317385,506.0,58.379950311228846,506.0,0
816.0,286.0,134.01593137254903,151.98406862745097,0.4685871726312904,29.08002084658287,-0.24843127797073805,1.0650723914328917,1.0,1.2058320045471191,411.0,62.05893491127338,411.0,0
57.0,17.0,10.526315789473683,6.473684210526315,0.6191950464396285,2.381243638537601,-1.0116235894341536,-0.35206817490601605,1.0,1.8154501914978027,42.0,3.845708476238224,42.0,0
31.0,289.0,87.58064516129032,201.41935483870967,0.30304721509097,12.600782935586253,0.2829185705763253,-0.2872001821605661,122.0,2.643054723739624,10.0,41.58026310125865,10.0,1
798.0,942.0,558.0914786967419,383.9085213032581,0.5924537990411273,133.46220544244792,-1.2895669603796007,0.02118968252053556,1.0,1.5685200691223145,511.0,225.2702331531225,511.0,0
817.0,917.0,258.71603427172585,658.2839657282742,0.28213307990373593,41.95365991693462,4.422137029426084,1.1321800083639515,0.0,1.517059087753296,233.0,148.70166919543516,233.0,1
75.0,88.0,28.586666666666666,59.41333333333333,0.32484848484848483,5.89248243945757,1.2220717419788936,0.99024747819825,0.0,1.4847297668457031,26.0,18.139171688628714,26.0,0
69.0,988.0,428.33333333333326,559.6666666666667,0.4335357624831309,74.1267729486443,1.1399059262861393,1.4550803189607002,56.0,1.5316002368927002,34.0,170.98191052123087,34.0,0
159.0,284.0,176.8993710691824,107.10062893081758,0.6228851093985296,40.6032219359462,-1.121576022457828,-0.14814583789954014,2.0,1.0698590278625488,112.0,65.18573220533958,112.0,0
792.0,933.0,271.94191919191917,661.0580808080807,0.29147043857654786,44.204078281292716,3.7545147017005625,0.9602806384408984,0.0,1.5917980670928955,234.0,151.6588731851225,234.0,0
19.0,728.0,443.89473684210526,284.10526315789474,0.6097455176402545,113.84654315127041,-1.238286681816323,-0.18702998216494005,23.0,1.8040308952331543,14.0,186.71157041360826,14.0,1
184.0,822.0,489.39130434782606,332.60869565217394,0.5953665503014915,108.44399801671732,-1.1061223294132188,-0.0038639488531557694,7.0,1.8092589378356927,126.0,182.1466086091025,126.0,0
807.0,784.0,371.11400247831483,412.88599752168517,0.4733596970386668,79.44941138667443,-0.2507567114213285,1.0750870185881896,1.0,1.1763670444488523,415.0,167.841520694958,415.0,0
198.0,396.0,119.73737373737372,276.26262626262627,0.3023671053974085,20.210377839386858,4.6262268390451196,1.3892262058356428,0.0,1.7906649112701416,61.0,66.84053086007445,61.0,1
161.0,202.0,59.5776397515528,142.42236024844718,0.29493881065125144,10.049779747826989,2.0415569970929632,0.6976633694925078,2.0,1.8155460357666016,49.0,34.07411769795969,49.0,0
800.0,91.0,26.0,65.0,0.2857142857142857,4.773835700176392,2.0192310557649327,1.007967848642356,0.0,1.9204132556915283,231.0,16.708424950617367,231.0,0
50.0,874.0,368.5,505.5,0.4216247139588101,60.674104703672285,1.1914044667023438,1.4167397821765282,94.0,1.5088188648223877,25.0,143.90547492811285,25.0,0
97.0,290.0,81.9278350515464,208.0721649484536,0.28250977603981514,13.150256509561718,4.099386153489453,1.0747219269727055,0.0,1.1312692165374756,29.0,46.54796975134908,29.0,0
175.0,586.0,270.4685714285714,315.53142857142865,0.4615504631886884,56.67670569007304,-0.3650126317377103,1.0403488881370306,21.0,0.9345550537109376,89.0,122.7963358513688,89.0,0
58.0,889.0,448.79310344827593,440.20689655172407,0.5048291377370933,99.88626489116504,-0.9883696239510876,0.7927069059973921,18.0,0.9550292491912842,35.0,197.86152863304844,35.0,0
99.0,498.0,282.6363636363636,215.3636363636364,0.5675428988682001,64.279187864826,-1.1028446592091887,0.1536816642952956,8.0,0.969794988632202,65.0,113.25872985639008,65.0,0
784.0,781.0,224.3609693877551,556.6390306122448,0.2872739684862421,38.7336347752159,3.8906670516008868,1.2179620371526558,0.0,1.0824010372161863,227.0,134.83169038711873,227.0,1
790.0,128.0,76.8645569620253,51.13544303797468,0.6005043512658228,18.138771260614487,-1.2360702395225878,-0.012470530265196924,1.0,1.014552116394043,516.0,30.20589479889559,516.0,0
789.0,433.0,266.17870722433463,166.82129277566543,0.6147314254603571,62.75558425966466,-1.2407371946720909,-0.05449767625266416,1.0,1.0006771087646484,534.0,102.08618212851013,534.0,0
80.0,203.0,122.3875,80.6125,0.6028940886699508,28.83897580209091,-1.1483479523906617,-0.14573691090746355,3.0,1.4273791313171391,56.0,47.83423215462735,56.0,0
144.0,942.0,444.0555555555555,497.9444444444445,0.4713965557914602,97.24214142703592,-0.1753860646996661,1.097312613385894,8.0,0.906221866607666,75.0,206.2852183206332,75.0,0
113.0,969.0,289.929203539823,679.070796460177,0.299204544416742,45.059824010335554,2.4776277119684718,0.8614454027794765,97.0,0.9397130012512208,35.0,150.59872869970428,35.0,1
796.0,127.0,60.253768844221106,66.7462311557789,0.4744391247576465,13.542856493481775,-0.5340320892754358,0.8306599802612334,2.0,1.5344440937042236,413.0,28.54498245775946,413.0,0
783.0,293.0,136.5632183908046,156.4367816091954,0.4660860695931897,29.382047340993072,-0.07956739663080947,1.1364483913192978,1.0,1.4463660717010498,388.0,63.03996033745092,388.0,0
124.0,235.0,113.92741935483869,121.07258064516131,0.4847975291695264,25.656959875094884,-0.6794962245390344,0.8953266744010859,3.0,1.0862939357757568,68.0,52.92304174702803,68.0,0
191.0,330.0,96.23036649214659,233.7696335078534,0.291607171188323,16.080835664965782,3.4051630807761284,1.000026433661788,0.0,1.101269006729126,57.0,55.14554254422161,57.0,0
807.0,333.0,154.56877323420073,178.4312267657993,0.4641704901927949,32.69279379644959,-0.0739088418026621,1.1180850170226606,2.0,1.4308569431304932,404.0,70.43272781703661,404.0,0
797.0,994.0,596.5483061480553,397.4516938519448,0.6001492013561923,138.06537809448972,-1.1694176188703398,0.02086442787743741,1.0,2.3341140747070312,530.0,230.0517567673093,530.0,0
793.0,407.0,188.3102143757881,218.68978562421185,0.4626786593999709,39.68825747693439,-0.0011344877364147794,1.1433504213111851,1.0,1.5078468322753906,393.0,85.77931285701501,393.0,0
797.0,354.0,100.75282308657465,253.24717691342533,0.2846124945948437,16.857751258652794,3.831146083806352,1.1512425272729967,0.0,1.4585561752319336,230.0,59.23053828908822,230.0,0
804.0,643.0,191.63930348258702,451.360696517413,0.2980393522279736,32.93852179382838,3.6653334015241192,1.1853130751915677,0.0,1.220139980316162,243.0,110.51735801865965,243.0,0
71.0,308.0,145.49295774647888,162.50704225352112,0.4723797329431133,34.68262544279957,-0.32769439011798784,1.0894283481636953,3.0,1.1399140357971191,37.0,73.4210700080485,37.0,0
78.0,583.0,339.3076923076923,243.6923076923077,0.5820029027576198,69.46996491316537,-0.8346982661711952,0.17853454220816162,11.0,1.1460800170898438,52.0,119.36360554905472,52.0,0
118.0,183.0,110.20338983050848,72.79661016949153,0.6022043160137075,24.764966663511892,-1.1887811432227826,0.16306502130403985,1.0,0.7148499488830566,80.0,41.12386112979668,80.0,0
814.0,932.0,269.2285012285012,662.7714987714987,0.2888717824340142,43.59756220957454,2.6747316140854283,0.7951189462415439,0.0,0.7016770839691162,238.0,150.92357530467126,238.0,0
806.0,934.0,565.9330024813896,368.0669975186104,0.6059239855261129,125.78760329991728,-1.1463303622381202,-0.04550565742693756,1.0,0.7654788494110107,544.0,207.59634261828754,544.0,0
808.0,404.0,187.6571782178217,216.34282178217828,0.4644979658856975,39.80454259246597,-0.1143427917604738,1.1189503968839185,1.0,0.7715330123901367,400.0,85.69368547517162,400.0,0
15.0,985.0,303.46666666666664,681.5333333333333,0.30808798646362096,45.40881687987144,5.794093392846862,1.6385551520713613,244.0,0.6934049129486084,5.0,147.3891189367532,5.0,1
168.0,955.0,272.94642857142856,682.0535714285714,0.2858077786088257,47.57451895960043,3.2015801717586965,1.10182580640947,23.0,0.6575849056243896,50.0,166.4563476584515,50.0,0
784.0,540.0,325.7142857142857,214.28571428571428,0.6031746031746031,74.81840933297933,-1.1771654886286664,-0.03381493789039852,1.0,0.7339441776275635,525.0,124.0410470520447,525.0,0
135.0,489.0,211.8592592592593,277.14074074074074,0.4332500189350905,42.44497838730164,1.1136417871276962,1.5066097469244135,17.0,0.6857399940490723,63.0,97.96878599481548,63.0,0
802.0,465.0,136.00872817955113,328.9912718204489,0.2924918885581745,24.405142058016324,3.416918261545567,1.200017413921711,0.0,0.7477319240570068,238.0,83.43869697830037,238.0,0
101.0,857.0,417.1188118811882,439.881188118812,0.4867197338170223,93.36878726283204,-0.4647240899279938,1.0479204080253484,1.0,0.7135040760040283,54.0,191.8327546134243,54.0,1
806.0,506.0,150.40818858560797,355.5918114143921,0.29724938455653743,26.73805769922484,3.4467199427468618,1.1890767062280418,0.0,0.7387650012969971,242.0,89.95159986324279,242.0,1
115.0,904.0,254.40869565217392,649.591304347826,0.28142554828780303,36.67544676225243,5.18058085495176,0.9851491086514416,0.0,0.9213838577270508,33.0,130.32024627965149,33.0,1
794.0,893.0,415.6876574307305,477.3123425692695,0.4654956970108965,86.16842670240518,0.03554649988673342,1.1869394830459614,9.0,1.050159931182861,399.0,185.11111328358453,399.0,0
139.0,410.0,117.71942446043164,292.28057553956836,0.2871205474644675,19.455294878677066,3.9045478261676316,1.0892679937951537,0.0,0.8710982799530029,41.0,67.76002292585748,41.0,1
44.0,893.0,556.7727272727273,336.22727272727275,0.623485696833961,135.04113256334338,-1.2004388619166155,-0.3355772213283857,22.0,0.953176975250244,31.0,216.59058619801158,31.0,0
102.0,188.0,115.99019607843135,72.00980392156862,0.6169691280767626,25.59698610264493,-1.120196604782805,-0.07879204444231566,4.0,0.88356614112854,74.0,41.488277026820995,74.0,0
181.0,344.0,209.9668508287293,134.0331491712707,0.6103687524090968,51.172054152294976,-1.268497666540341,-0.02275352010835568,1.0,0.9651551246643066,123.0,83.83793231603237,123.0,0
155.0,99.0,44.593548387096774,54.406451612903226,0.4504398826979472,9.322829079057932,0.09030107753917972,0.9685744221770752,1.0,0.9611039161682128,74.0,20.69716611952315,74.0,0
75.0,547.0,159.3733333333333,387.62666666666667,0.29135892748324194,29.604859167844314,4.35665912589975,1.2635121103491962,0.0,0.8963971138000488,23.0,101.60958314739504,23.0,0
130.0,927.0,534.2615384615384,392.7384615384616,0.5763339141979918,125.37882240327976,-1.1244016988305154,0.20626334204694646,4.0,0.9392156600952148,84.0,217.545452930274,84.0,0
29.0,896.0,589.9310344827586,306.06896551724134,0.6584051724137929,129.31825753760327,-1.3557158017844675,-0.17569750923049682,21.0,0.9467577934265136,22.0,196.4113633304351,22.0,1
807.0,10.0,5.288723667905824,4.711276332094176,0.5288723667905824,1.5647834760284474,-1.371439612233195,0.264217623214492,0.0,1.0652952194213867,443.0,2.9587166475045854,443.0,0
814.0,353.0,163.29115479115478,189.7088452088452,0.4625811750457642,34.700297642774984,-0.013109063262286558,1.1623337180607405,2.0,1.0329909324645996,402.0,75.01450451229884,402.0,0
186.0,402.0,107.61827956989248,294.3817204301075,0.2677071631091853,17.07239502899502,7.297567619375943,1.578998817606039,0.0,0.9136579036712646,51.0,63.77264930349282,51.0,0
793.0,220.0,63.29760403530895,156.70239596469102,0.28771638197867705,10.470318300336476,2.9403247666547023,0.9809206914343318,0.0,1.1924569606781006,231.0,36.39110928731351,231.0,0
45.0,956.0,298.0,658.0,0.3117154811715481,55.2761692597159,5.186360767347539,1.7403707040645335,0.0,0.9392931461334229,15.0,177.32891883318257,15.0,1
803.0,25.0,12.571606475716065,12.428393524283935,0.5028642590286426,3.351026170984033,-1.1531583299335868,0.23744299907356,0.0,1.112461805343628,433.0,6.663878195394203,433.0,0
792.0,820.0,493.459595959596,326.54040404040404,0.601779995072678,114.69495204036647,-1.2225447138973131,-0.0016302261280928038,1.0,1.1093010902404783,524.0,190.5928295714027,524.0,0
789.0,166.0,47.652724968314324,118.3472750316857,0.2870646082428574,8.438603840785401,2.8899726179868637,1.0885256928032192,0.0,1.2430288791656494,229.0,29.396183292808853,229.0,0
784.0,316.0,94.62372448979592,221.3762755102041,0.2994421661069491,17.395296995485122,3.314210838560053,1.2544729679211013,0.0,1.0579049587249756,238.0,58.09234291095864,238.0,0
19.0,890.0,433.8421052631578,456.15789473684197,0.4874630396215258,101.2516345734356,-0.6591518442675,0.9475337072903968,80.0,1.0491292476654053,11.0,207.71140854504367,11.0,0
124.0,861.0,381.8629032258065,479.1370967741937,0.4435109212843281,76.60846978611484,0.6410067699452869,1.3511038983021972,2.0,0.9245908260345459,59.0,172.7318677165163,59.0,0
63.0,393.0,220.46031746031747,172.53968253968253,0.5609677289066602,45.98410507976489,-0.8017470035253105,0.34703027131486885,1.0,0.968576192855835,39.0,81.97281716969536,39.0,0
48.0,533.0,238.91666666666663,294.08333333333337,0.4482489055659787,45.48466725858903,0.7730650878622156,1.404719388901487,13.0,0.955430030822754,25.0,101.47189807671276,25.0,0
25.0,950.0,518.88,431.12,0.5461894736842106,119.93982992461642,-1.0615636350966189,0.2385160175423246,11.0,1.0012879371643066,16.0,219.5938144241165,16.0,0
163.0,360.0,104.67484662576688,255.32515337423317,0.29076346284935245,16.459511619059366,5.557670552252107,1.329871129279136,0.0,1.0444931983947754,49.0,56.60790890906127,49.0,0
86.0,922.0,264.8720930232558,657.1279069767443,0.2872799273571104,40.4120930813656,0.1721126283052259,0.05914330045381365,253.0,1.0344460010528564,25.0,140.67148183009093,25.0,1
795.0,493.0,300.9459119496855,192.05408805031448,0.6104379552731958,71.37860381551698,-1.233492764277257,-0.08576111453007866,2.0,1.0965421199798584,532.0,116.93015350523571,532.0,0
791.0,353.0,161.30214917825538,191.69785082174462,0.4569465982386838,33.14625247410265,0.06483756389482354,1.1655429560277977,1.0,1.3609561920166016,387.0,72.53856928110638,387.0,0
794.0,631.0,295.97984886649874,335.02015113350126,0.4690647367139441,62.96315716737779,-0.132143583643761,1.1230011511949336,4.0,1.0420989990234375,403.0,134.2312739355963,403.0,0
795.0,92.0,53.53710691823899,38.46289308176101,0.5819250751982499,12.478914394606848,-1.2326064174814562,0.057655773342969466,1.0,1.3230409622192385,503.0,21.444194324081217,503.0,0
796.0,908.0,425.6783919597989,482.32160804020106,0.4688088017178403,89.24349772533455,-0.1390034711018604,1.1236148075671395,2.0,2.8763887882232666,404.0,190.36224874260586,404.0,0
10.0,69.0,21.9,47.1,0.3173913043478261,3.282950713218709,-0.9438539471530728,-0.6423473722936099,34.0,1.403181791305542,4.0,10.343543343017851,4.0,1
74.0,107.0,45.82432432432432,61.17567567567568,0.4282647133114423,8.618619738148878,1.4689573148357309,1.2531263960146053,3.0,1.446946144104004,36.0,20.12451521281711,36.0,0
813.0,541.0,155.48462484624847,385.5153751537515,0.2874022640411247,26.217911771764175,3.2516785187265853,1.0347254620397506,0.0,1.7898170948028564,236.0,91.22374821658545,236.0,1
79.0,899.0,272.1139240506329,626.8860759493672,0.3026851213021501,42.90040182327464,4.609510925254456,0.9549617244454488,16.0,1.2264492511749268,25.0,141.7327737773079,25.0,1
810.0,497.0,302.4691358024691,194.5308641975309,0.6085898104677447,72.0313178670468,-1.2724865609989406,-0.07201450136179864,1.0,1.4249989986419678,539.0,118.35774544382464,539.0,0
800.0,468.0,282.25625,185.74375,0.6031116452991453,64.4154359466669,-1.1936006283715952,-0.02517368959265671,1.0,1.4632258415222168,530.0,106.80516028622965,530.0,0
824.0,544.0,156.9902912621359,387.0097087378642,0.2885850942318675,27.439072844701425,3.524941508350956,1.1707982487331134,0.0,1.3122491836547852,240.0,95.0813932983494,240.0,0
88.0,678.0,418.9772727272728,259.02272727272725,0.6179605792437651,94.5816891767923,-1.2474474403124567,-0.10294562795968616,11.0,1.225322961807251,62.0,153.05456748153338,62.0,0
804.0,611.0,177.81218905472636,433.18781094527367,0.29101831269185985,31.483677600959894,3.9907751711327006,1.2180220373693165,0.0,1.3169717788696291,236.0,108.1845238869758,236.0,1
830.0,290.0,176.2710843373494,113.72891566265058,0.6078313253012049,40.43955973794785,-1.1897315735259493,-0.02301485014309381,1.0,1.7467970848083496,552.0,66.5308911446912,552.0,0
199.0,129.0,39.396984924623105,89.60301507537689,0.3054029839118071,7.031160562620512,1.8229822802292377,0.8405078290941921,0.0,1.3056447505950928,64.0,23.02256668406009,64.0,0
793.0,372.0,224.735182849937,147.26481715006304,0.6041268356181101,50.62873201038703,-1.1418701623271548,-0.006604149405442873,1.0,1.4639918804168701,526.0,83.80480558951902,526.0,0
822.0,63.0,37.83941605839416,25.16058394160584,0.6006256517205423,8.870281699355223,-1.1792246231024663,-0.08371577045261101,1.0,1.4470179080963137,540.0,14.768403037641768,540.0,0
790.0,538.0,322.173417721519,215.826582278481,0.5988353489247565,73.28016485611705,-1.1467334636160784,0.018765334927155968,1.0,1.728203058242798,520.0,122.37114089489842,520.0,0
785.0,849.0,399.30063694267517,449.69936305732483,0.4703187714283571,84.93986377252689,-0.2315592476179722,1.0936180664759918,2.0,1.631523847579956,396.0,180.6006243692224,396.0,0
785.0,536.0,244.87770700636943,291.12229299363065,0.4568613936685997,50.29629616304409,0.049941436743575984,1.1810230052613946,1.0,1.768678903579712,382.0,110.09093099148636,382.0,0
811.0,802.0,477.7090012330456,324.2909987669544,0.5956471337070395,111.43489008199415,-1.2462660268670602,0.01820639469816437,1.0,1.484140157699585,524.0,187.08205542512002,524.0,0
199.0,334.0,96.1356783919598,237.8643216080402,0.28783137243101736,15.710955029500287,4.154113355193563,1.1269793851289724,0.0,1.2924351692199707,59.0,54.583886727864005,59.0,0
109.0,188.0,53.65137614678899,134.348623853211,0.2853796603552606,8.726133204418346,2.4909621334712173,0.7504538169249503,0.0,1.2181899547576904,32.0,30.577277979641032,32.0,1
63.0,193.0,116.31746031746029,76.6825396825397,0.6026811415412452,23.192383608602466,-1.1408671751851536,-0.09274208520584183,4.0,1.1913230419158936,47.0,38.4820131409658,47.0,0
805.0,778.0,465.28944099378884,312.7105590062112,0.5980584074470293,106.03352867126999,-1.1667104054765935,0.03916266022397314,2.0,1.3871359825134275,523.0,177.2962763351195,523.0,0
806.0,299.0,138.13399503722084,160.86600496277916,0.4619866054756551,29.06381776397861,-0.040044254560513526,1.130490388246749,1.0,1.5872130393981934,401.0,62.910520390639704,401.0,0
795.0,581.0,272.7069182389937,308.2930817610063,0.4693750744216759,57.52569641985213,-0.03486152095670647,1.1581131829618214,3.0,1.6376571655273438,404.0,122.55805549694006,404.0,0
809.0,777.0,470.1273176761433,306.8726823238566,0.6050544629036594,108.88265462278349,-1.192992747704462,-0.012081214595380156,1.0,1.7178797721862793,532.0,179.95513015515178,532.0,0
805.0,797.0,472.0037267080745,324.9962732919255,0.5922255040251876,105.48716238587376,-1.1052991693316532,0.08135089737690536,1.0,1.9530847072601318,527.0,178.11992504359853,527.0,0
800.0,426.0,198.36625,227.63375,0.4656484741784038,42.75422652422788,-0.2411298338757413,1.0887252472695323,3.0,1.860940217971801,397.0,91.81652876596232,397.0,0
18.0,903.0,594.6111111111112,308.3888888888889,0.6584840654608096,132.94456656625306,-1.3735561105481895,0.11200528380874383,13.0,1.6683189868927002,14.0,201.894887878901,14.0,1
805.0,201.0,58.65093167701863,142.34906832298137,0.2917956799851673,10.108616993783377,3.5169718594283883,1.1802194722971784,0.0,1.85770320892334,238.0,34.64279181342651,238.0,0
589.0,339.0,209.2495755517827,129.7504244482173,0.6172553851085034,48.6460357325006,-1.2283074109365129,-0.08819162096064433,1.0,2.1063578128814697,400.0,78.81022491840945,400.0,0
594.0,272.0,77.01178451178451,194.98821548821547,0.2831315607050901,12.044660810412875,2.8945292963227343,0.7293939546460494,0.0,1.95601773262024,172.0,42.54086256020957,172.0,0
387.0,432.0,261.1291989664083,170.8708010335917,0.6044657383481673,59.84593227158184,-1.2339847808166202,-0.018039446571029863,1.0,1.727611780166626,259.0,99.00632653742085,259.0,0
392.0,990.0,586.390306122449,403.60969387755097,0.5923134405277263,131.55085409590401,-1.1198182433393291,0.030952025803583742,6.0,1.9805078506469729,258.0,222.0966891764228,258.0,0
411.0,849.0,240.15085158150848,608.8491484184915,0.2828631938533669,38.12829065028908,3.4031890926545763,0.9744296819029954,0.0,1.9741368293762207,118.0,134.794103576637,118.0,0
406.0,718.0,213.25369458128085,504.7463054187192,0.2970107166870206,38.06340478997724,3.200892877213444,1.1265888076894923,0.0,2.2638370990753174,123.0,128.15498785549585,123.0,0
418.0,546.0,158.04784688995215,387.9521531100479,0.2894649210438684,25.71978855979309,4.0657358920223325,1.1007466427547947,0.0,1.9491488933563232,123.0,88.8528684824482,123.0,0
397.0,476.0,128.67758186397984,347.32241813602013,0.2703310543360921,20.536610489506266,1.950934173843416,0.622591971076763,0.0,2.2608590126037598,109.0,75.96837344470936,109.0,1
385.0,491.0,149.08051948051946,341.9194805194805,0.3036263125876161,24.76715300916045,3.4099544453875783,1.1024060615346667,0.0,3.0501158237457275,119.0,81.57116818396132,119.0,1
397.0,440.0,132.904282115869,307.09571788413103,0.30205518662697506,23.883545388019208,3.7046533784616313,1.2612274808400314,0.0,2.209855079650879,123.0,79.07013832381017,123.0,0
806.0,386.0,110.31017369727049,275.6898263027296,0.2857776520654676,18.559684133490123,4.084915262150895,1.1375737919375917,0.0,0.5178041458129883,233.0,64.94449093324612,233.0,0
168.0,195.0,88.72023809523809,106.27976190476191,0.45497557997558,19.442267442540647,-0.08758218992886446,1.1102948914851545,3.0,0.4599173069000244,83.0,42.7325515878988,83.0,0
822.0,80.0,47.54379562043797,32.456204379562045,0.5942974452554745,11.140241306372491,-1.2258543612407478,-0.018635627796194668,1.0,0.5886154174804688,530.0,18.745228328524227,530.0,0
91.0,219.0,133.37362637362637,85.62637362637362,0.6090119925736364,30.948443572597736,-1.2909859232784109,-0.01909489544028185,3.0,0.5208957195281982,63.0,50.817461642770084,63.0,0
812.0,443.0,265.76477832512313,177.23522167487687,0.599920492833235,60.178932184311975,-1.1914699397733959,-0.017661749912755417,1.0,0.5976147651672363,533.0,100.31151278081181,533.0,0
798.0,861.0,511.74686716791985,349.25313283208015,0.5943633765016489,116.8368812625785,-1.172125950341052,0.011928165336298143,1.0,0.6705384254455566,521.0,196.5748326390268,521.0,0
809.0,406.0,117.4140914709518,288.5859085290482,0.28919726963288617,19.56525366947839,3.869597091268867,1.1075121997971449,0.0,0.5675020217895508,237.0,67.65365971233057,237.0,0
56.0,796.0,398.1785714285714,397.82142857142856,0.500224335965542,89.1052133146113,-0.91093630108711,0.8371478451850429,11.0,0.5578129291534424,33.0,178.13050447179626,33.0,0
785.0,483.0,140.22547770700638,342.7745222929936,0.2903219000145061,23.443846742449807,3.6490900167399936,1.0816167566741628,0.0,0.5982472896575928,230.0,80.75121698114553,230.0,1
815.0,781.0,228.13006134969325,552.8699386503067,0.2920999505117711,40.42436745406147,3.448921551656618,1.1400300458461403,0.0,0.6018164157867432,240.0,138.39224341954292,240.0,0
407.0,357.0,169.21621621621622,187.78378378378375,0.4739950034067682,36.37670236588555,-0.35308727038654464,1.0255214915073958,1.0,0.5762956142425537,213.0,76.74490681216773,213.0,0
405.0,498.0,229.2567901234568,268.74320987654323,0.4603550002479052,46.14633775360479,-0.01111239530010355,1.1215667105684828,2.0,0.5361874103546143,206.0,100.2407657758786,206.0,0
412.0,29.0,16.560679611650485,12.439320388349516,0.5710579176431202,3.927166005836243,-1.1889966520578783,0.012191762353128958,1.0,0.5660784244537354,255.0,6.877001236660037,255.0,0
389.0,333.0,156.22622107969153,176.77377892030844,0.4691478110501247,33.325040312957185,-0.12392061942320742,1.1071932139584983,1.0,0.8687851428985596,199.0,71.03313609918273,199.0,0
352.0,313.0,187.48011363636363,125.51988636363636,0.5989779988382224,41.747104932632546,-1.0832871644349558,0.03656114355822202,1.0,0.8450453281402588,234.0,69.69722596423446,234.0,0
225.0,822.0,245.69333333333333,576.3066666666666,0.29889699918896995,41.272975584835756,2.9536552915473124,0.8950164741084664,0.0,0.8536996841430664,69.0,138.08427550904244,69.0,0
398.0,526.0,241.97989949748745,284.0201005025126,0.4600378317442727,50.261177665646045,0.05032997237340897,1.1710692876914657,1.0,0.920212745666504,197.0,109.25444430314894,197.0,0
397.0,465.0,137.32745591939548,327.6725440806045,0.2953278621922483,23.300046263001317,4.054103623683429,1.1660867344738637,0.0,0.9159951210021972,120.0,78.89552340250845,120.0,0
414.0,862.0,398.88888888888886,463.11111111111114,0.4627481309615881,82.08413790183013,0.026558679541599076,1.1760584229737634,3.0,0.9344463348388672,208.0,177.3840506524786,208.0,0
403.0,965.0,277.87841191067,687.1215880893301,0.28795690353437303,43.98348707717497,4.064974357383262,1.029656270936097,0.0,0.9306819438934326,118.0,152.74329782451184,118.0,0
378.0,862.0,522.9814814814815,339.0185185185185,0.6067070550829252,122.51648614257758,-1.162932355218383,-0.07926186213734028,4.0,0.9485342502593994,260.0,201.93680807920043,260.0,0
392.0,63.0,28.85459183673469,34.1454081632653,0.458009394233884,6.619489459390388,-0.4491294812239741,0.5809606682937001,1.0,0.919729232788086,193.0,14.452737307851207,193.0,0
376.0,130.0,38.46010638297872,91.53989361702128,0.2958469721767594,6.936971649582044,2.688908317484492,1.101083199256583,0.0,0.9652493000030518,114.0,23.447837233356644,114.0,0
559.0,378.0,231.2933810375671,146.7066189624329,0.6118872514221352,55.62893408499497,-1.241803454124203,-0.09183491422198667,1.0,0.9192261695861816,377.0,90.91370012319,377.0,0
397.0,692.0,418.60453400503786,273.3954659949622,0.6049198468280893,96.61260194218659,-1.1696286413049644,-0.025064519086495686,2.0,0.9404804706573486,267.0,159.7114104435107,267.0,0
395.0,414.0,192.19746835443038,221.80253164556962,0.4642450926435516,40.229277627516105,-0.23460029934060775,1.0580395499199733,1.0,0.9269247055053712,202.0,86.65525659827324,202.0,0
240.0,875.0,511.39166666666665,363.60833333333335,0.584447619047619,119.34448656959611,-1.2137949291534362,0.07778875524576623,10.0,0.9413669109344482,153.0,204.20048380738172,153.0,0
400.0,440.0,266.0225,173.97750000000005,0.6045965909090909,62.46622211174682,-1.2395793293810136,-0.06877227663297834,1.0,0.9442400932312012,270.0,103.31884607192477,270.0,0
422.0,443.0,201.542654028436,241.457345971564,0.4549495576262664,40.65709489438607,0.08052125533675447,1.1462622634961992,4.0,0.9362246990203856,212.0,89.36615985850722,212.0,0
380.0,623.0,374.8184210526316,248.1815789473684,0.6016347047393765,83.87255817639205,-1.1482803136157558,0.022438748545572314,1.0,0.9312767982482909,254.0,139.40777936459796,254.0,0
411.0,315.0,147.66423357664237,167.33576642335763,0.4687753446877535,30.202871200530527,-0.2987964351740389,1.009481221074778,1.0,0.864919900894165,217.0,64.42930828763691,217.0,0
677.0,880.0,254.22304283604137,625.7769571639586,0.2888898214045925,43.883102320811695,3.5616200264272204,1.0708330368311565,0.0,0.9412813186645508,198.0,151.90255616293612,198.0,1
401.0,767.0,221.12468827930172,545.8753117206983,0.288298159425426,39.01984260739078,3.711018253233589,1.1703277300974608,0.0,1.2183313369750977,117.0,135.34544474774572,117.0,1
682.0,689.0,330.03079178885633,358.9692082111437,0.478999697806758,72.61286272177357,-0.3717197658390004,1.0328242188889758,1.0,0.9749581813812256,356.0,151.59271092289424,356.0,0
265.0,705.0,321.40377358490565,383.59622641509435,0.4558918774253981,66.33162605537457,0.15857726811826026,1.2080577976788245,9.0,0.913435697555542,131.0,145.49859153002572,131.0,0
401.0,280.0,126.32418952618454,153.67581047381546,0.4511578197363734,24.675650548851447,0.21899664375245154,1.1647871444214617,1.0,0.8735373020172119,199.0,54.69405487257267,199.0,0
521.0,674.0,315.71017274472166,358.28982725527834,0.4684127192058186,67.99507553781974,-0.2862221900272193,1.0696213539003063,3.0,1.0323929786682131,264.0,145.1606089029854,264.0,0
328.0,160.0,45.77743902439025,114.22256097560977,0.28610899390243905,7.790380222231238,3.5283969362185075,1.152933430759469,0.0,1.4665319919586182,96.0,27.228714889290394,96.0,0
397.0,66.0,19.095717884130984,46.90428211586902,0.28932905885046944,3.504140835163945,0.8732778612062457,0.8247812245311168,0.0,1.3134515285491943,117.0,12.111264762295963,117.0,0
406.0,741.0,208.42364532019704,532.576354679803,0.28127347546585296,33.17562680221057,3.7693738998927935,0.9778608208346732,0.0,1.4270169734954834,116.0,117.94793926894162,116.0,0
